{"current":{"color_text":"#4a4a4a","color_body_text":"#616265","color_sale_text":"#e4002b","color_borders":"#e8e9eb","color_button":"#e4002b","color_button_text":"#fff","color_small_button_text_border":"#3d4246","color_text_field":"#fff","color_text_field_text":"#91949c","color_image_overlay_text":"#fff","color_image_overlay":"#3d4246","image_overlay_opacity":6,"color_body_bg":"#ffffff","type_header_font":"roboto_n5","type_header_base_size":26,"type_base_font":"roboto_n3","type_base_size":16,"type_bold_product_titles":true,"share_image":"","share_facebook":true,"share_twitter":true,"share_pinterest":true,"social_twitter_link":"","social_facebook_link":"","social_pinterest_link":"","social_instagram_link":"","social_tumblr_link":"","social_snapchat_link":"","social_youtube_link":"","social_vimeo_link":"","favicon":"shopify:\/\/shop_images\/RheemConsumer_No_Tagline_CMYK_RGB.png","checkout_header_image":"","checkout_logo_image":"shopify:\/\/shop_images\/rh-shopify-logo_1ffc73e2-30fe-4df4-b98d-8c457d835f9a.png","checkout_logo_position":"left","checkout_logo_size":"medium","checkout_body_background_image":"","checkout_body_background_color":"#fff","checkout_input_background_color_mode":"white","checkout_sidebar_background_image":"","checkout_sidebar_background_color":"#dad0a8","checkout_heading_font":"-apple-system, BlinkMacSystemFont, 'Segoe UI', Roboto, Helvetica, Arial, sans-serif, 'Apple Color Emoji', 'Segoe UI Emoji', 'Segoe UI Symbol'","checkout_body_font":"-apple-system, BlinkMacSystemFont, 'Segoe UI', Roboto, Helvetica, Arial, sans-serif, 'Apple Color Emoji', 'Segoe UI Emoji', 'Segoe UI Symbol'","checkout_accent_color":"#e4002b","checkout_button_color":"#e4002b","checkout_error_color":"#e32c2b","sections":{"header":{"type":"header","settings":{"align_logo":"left","logo":"shopify:\/\/shop_images\/rh-shopify-logo_1ffc73e2-30fe-4df4-b98d-8c457d835f9a.png","logo_max_width":360,"main_linklist":"main-menu","message":false,"home_page_only":false,"message_text":"10% OFF APPAREL WITH CODE RHEEM2018","message_link":"shopify:\/\/collections\/apparel","color_bg":"#e4002b","color_text":"#fff"}},"hero":{"type":"hero","disabled":true,"settings":{"image":"shopify:\/\/shop_images\/Apparel.jpg","alignment":"center","title":"","text":"","hero_size":"medium","text_size":"medium","button_label":"Shop Rheem Apparel","button_link":""}},"slideshow":{"type":"slideshow","disabled":true,"blocks":{"slideshow-0":{"type":"image","settings":{"image":"","alignment":"top","title":"Image slide","subheading":"Tell your brand's story through video and images","link":""}},"slideshow-1":{"type":"image","settings":{"image":"","alignment":"top","title":"Image slide","subheading":"Tell your brand's story through video and images","link":""}}},"block_order":["slideshow-0","slideshow-1"],"settings":{"autoplay":true,"autoplay_speed":7,"slideshow_height":"small","text_size":"medium"}},"featured-collections":{"type":"collection","settings":{"title":"Featured Products","collection":"frontpage","grid":4,"rows":1,"show_vendor":true,"show_view_all":true}},"feature-row":{"type":"feature-row","disabled":true,"settings":{"image":"","layout":"left","title":"Image with text","text":"<p>Pair large text with an image to give focus to your chosen product, collection, or blog post. Add details on availability, style, or even provide a review.<\/p>","button_label":"","button_link":""}},"footer":{"type":"footer","settings":{"footer_linklist":"footer","footer_linklist_two":"","footer_newsletter_enable":false,"footer_newsletter_subheading":"<p>A short sentence describing what someone will receive by subscribing<\/p>","show_payment_icons":false}},"product-template":{"type":"product-template","settings":{"image_size":"medium","show_quantity_selector":true,"show_variant_labels":false,"show_vendor":true,"enable_zoom":true,"enable_payment_button":true,"show_share_buttons":true}},"cart-template":{"type":"cart-template","settings":{"cart_notes_enable":true}},"collection-template":{"type":"collection-template","settings":{"layout":"grid","grid":4,"rows":5,"show_collection_image":false,"show_vendor":true,"sort_enable":true,"tags_enable":false}},"1534195279146":{"type":"slideshow","blocks":{"1534195279146-0":{"type":"image","settings":{"image":"shopify:\/\/shop_images\/Apparel.jpg","alignment":"center","title":"","subheading":"","link":"shopify:\/\/collections\/apparel"}},"1534195279146-1":{"type":"image","settings":{"image":"shopify:\/\/shop_images\/Tech.jpg","alignment":"center","title":"","subheading":"","link":""}},"1534350112055":{"type":"image","settings":{"image":"shopify:\/\/shop_images\/Tools.jpg","alignment":"center","title":"","subheading":"","link":"shopify:\/\/collections\/tools"}},"1534433641818":{"type":"image","settings":{"image":"shopify:\/\/shop_images\/Fall.jpg","alignment":"center","title":"","subheading":"","link":""}},"1534433747764":{"type":"image","settings":{"image":"shopify:\/\/shop_images\/Winter.jpg","alignment":"center","title":"","subheading":"","link":""}}},"block_order":["1534195279146-0","1534195279146-1","1534350112055","1534433641818","1534433747764"],"settings":{"autoplay":true,"autoplay_speed":5,"slideshow_height":"medium","text_size":"medium"}},"password-header":{"type":"password-header","settings":{"logo":"shopify:\/\/shop_images\/rh-progear-stacked.png","logo_max_width":200,"header":"Coming Soon"}},"password-content":{"type":"password-content","settings":{"newsletter_enable":true,"newsletter_form_heading":"Be the first to know when we launch.","newsletter_form_subheading":"<p>Fill in your email and we'll let you know when we're open for business!<\/p>","newsletter_placeholder":"Email address","newsletter_button_text":"Notify me"}},"password-footer":{"type":"password-footer","settings":{"show_share_buttons":true,"social_message":"Spread the word"}}},"content_for_index":["hero","1534195279146","featured-collections","feature-row","slideshow"]},"presets":{"Default":{"color_text":"#3d4246","color_body_text":"#69727b","color_sale_text":"#557B97","color_borders":"#e8e9eb","color_button":"#557B97","color_button_text":"#fff","color_small_button_text_border":"#3d4246","color_text_field":"#fff","color_text_field_text":"#000","color_image_overlay_text":"#fff","color_image_overlay":"#3d4246","image_overlay_opacity":40,"color_body_bg":"#fff","type_header_font":"work_sans_n6","type_header_base_size":26,"type_base_font":"work_sans_n4","type_base_size":16,"type_bold_product_titles":false,"share_facebook":true,"share_twitter":true,"share_pinterest":true,"sections":{"header":{"type":"header","settings":{}},"hero":{"type":"hero","settings":{"text_size":"large"}},"slideshow":{"type":"slideshow","blocks":{"slideshow-0":{"type":"image","settings":{}},"slideshow-1":{"type":"image","settings":{}}},"block_order":["slideshow-0","slideshow-1"],"settings":{}},"featured-collections":{"type":"collection","settings":{"collection":"frontpage"}},"feature-row":{"type":"feature-row","settings":{}},"footer":{"type":"footer","settings":{"footer_linklist_two":""}}},"content_for_index":["hero","featured-collections","feature-row","slideshow"]},"Light":{"color_text":"#162950","color_body_text":"#6d6d6d","color_sale_text":"#DA2F0C","color_borders":"#e4e4e4","color_button":"#DA2F0C","color_button_text":"#ffffff","color_small_button_text_border":"#162950","color_text_field":"#ffffff","color_text_field_text":"#162950","color_image_overlay_text":"#ffffff","color_image_overlay":"#3d3d3d","image_overlay_opacity":40,"color_body_bg":"#f8f8f8","type_header_font":"muli_n6","type_header_base_size":26,"type_base_font":"muli_n4","type_base_size":18,"type_bold_product_titles":true,"share_facebook":true,"share_twitter":true,"share_pinterest":true,"social_twitter_link":"","social_facebook_link":"","social_pinterest_link":"","social_instagram_link":"","social_tumblr_link":"","social_snapchat_link":"","social_youtube_link":"","social_vimeo_link":"","favicon":"","checkout_header_image":"","checkout_logo_image":"","checkout_logo_position":"left","checkout_logo_size":"small","checkout_body_background_image":"","checkout_body_background_color":"#ffffff","checkout_input_background_color_mode":"white","checkout_sidebar_background_image":"","checkout_sidebar_background_color":"#e8f3f6","checkout_heading_font":"Roboto","checkout_body_font":"Source Sans Pro","checkout_accent_color":"#1990c6","checkout_button_color":"#23314e","checkout_error_color":"#ff6d6d","sections":{"header":{"type":"header","settings":{"align_logo":"left","logo":"","logo_max_width":135,"main_linklist":"main-menu","message":true,"color_bg":"#162950","color_text":"#ffffff"}},"hero":{"type":"hero","settings":{"alignment":"center","hero_size":"x-large","text_size":"large"}},"slideshow":{"type":"slideshow","blocks":{"slideshow-0":{"type":"image","settings":{"image":"","alignment":"center"}},"1492095993817":{"type":"image","settings":{"image":"","alignment":"center"}}},"block_order":["slideshow-0","1492095993817"],"settings":{"autoplay":true,"autoplay_speed":6,"slideshow_height":"medium","text_size":"medium"}},"featured-collections":{"type":"collection","settings":{"grid":3,"rows":1,"show_vendor":true,"show_view_all":true}},"footer":{"type":"footer","settings":{"footer_linklist":"main-menu","footer_linklist_two":"footer","footer_newsletter_enable":true,"show_payment_icons":true}},"product-template":{"type":"product-template","settings":{"image_size":"medium","show_quantity_selector":false,"show_variant_labels":true,"show_vendor":false,"enable_zoom":true,"show_share_buttons":true}},"collection-template":{"type":"collection-template","settings":{"layout":"grid","grid":2,"rows":2,"show_collection_image":true,"show_vendor":false,"sort_enable":true,"tags_enable":true}},"1492033809691":{"type":"map","settings":{}},"1492033877875":{"type":"quotes","blocks":{"1492033877875-0":{"type":"quote","settings":{}}},"block_order":["1492033877875-0"],"settings":{}},"1492033924902":{"type":"custom-content","blocks":{"1492033924902-0":{"type":"text","settings":{"width":"100%","alignment":"center","align_text":"center"}}},"block_order":["1492033924902-0"],"settings":{"title":""}},"1492096252560":{"type":"collection-list","blocks":{"1492096252560-0":{"type":"featured_collection","settings":{}},"1492096252560-1":{"type":"featured_collection","settings":{}},"1492096252560-2":{"type":"featured_collection","settings":{}}},"block_order":["1492096252560-0","1492096252560-1","1492096252560-2"],"settings":{"grid":3}},"blog-template":{"type":"blog-template","settings":{"layout":"grid","blog_show_author":true,"blog_show_date":false}},"article-template":{"type":"article-template","settings":{"blog_show_author":true,"blog_show_date":true,"show_share_buttons":true}},"cart-template":{"type":"cart-template","settings":{"cart_notes_enable":false}}},"content_for_index":["hero","featured-collections","slideshow","1492033924902","1492096252560","1492033877875","1492033809691"]}}}